医院,城市,阶段,经度,纬度,拜访次数
合成医院1,上海,已联系,121.15852,30.58663,4
合成医院2,杭州,评估中,120.3184,31.59103,19
合成医院3,南京,已签约,120.00865,31.75961,16
合成医院4,合肥,已联系,121.63221,30.81709,11
合成医院5,上海,评估中,121.23534,31.07109,7
合成医院6,杭州,已签约,121.65932,30.19468,12
合成医院7,南京,已联系,120.05492,30.36538,9
合成医院8,合肥,评估中,121.8608,30.25678,9
合成医院9,上海,已签约,120.34062,30.55531,3
合成医院10,杭州,已联系,121.15504,30.01609,5
合成医院11,南京,评估中,121.70413,31.09185,18
合成医院12,合肥,已签约,121.94472,30.74372,15
合成医院13,上海,已联系,120.95234,31.86351,3
合成医院14,杭州,评估中,121.17588,30.99273,14
合成医院15,南京,已签约,120.05784,30.70678,13
合成医院16,合肥,已联系,120.46097,31.55411,17
合成医院17,上海,评估中,120.27586,30.11993,16
合成医院18,杭州,已签约,120.50924,30.26934,11
合成医院19,南京,已联系,121.42702,31.69015,20
合成医院20,合肥,评估中,121.7195,30.2803,18
合成医院21,上海,已签约,121.3872,31.93916,16
合成医院22,杭州,已联系,121.03342,30.28049,2
合成医院23,南京,评估中,120.82892,31.34121,7
合成医院24,合肥,已签约,120.21679,31.15849,14
合成医院25,上海,已联系,121.85876,30.26732,7
合成医院26,杭州,评估中,121.58748,31.52731,8
合成医院27,南京,已签约,121.67039,30.3844,15
合成医院28,合肥,已联系,121.72121,30.69726,10
合成医院29,上海,评估中,121.75601,30.13908,12
合成医院30,杭州,已签约,120.54964,31.62362,18
合成医院31,南京,已联系,120.75346,30.99408,4
合成医院32,合肥,评估中,120.40675,30.54115,16
合成医院33,上海,已签约,121.84138,30.98401,8
合成医院34,杭州,已联系,121.27131,31.06628,2
合成医院35,南京,评估中,120.96876,31.98551,9
合成医院36,合肥,已签约,121.54997,30.78024,15
合成医院37,上海,已联系,120.91765,31.20654,11
合成医院38,杭州,评估中,120.02059,31.30926,19
合成医院39,南京,已签约,121.55158,31.90067,19
合成医院40,合肥,已联系,120.49038,30.11217,17
合成医院41,上海,评估中,121.18153,30.52604,3
合成医院42,杭州,已签约,120.22654,30.34663,16
合成医院43,南京,已联系,120.62815,30.21973,12
合成医院44,合肥,评估中,120.69166,31.66874,9
合成医院45,上海,已签约,120.18137,31.86867,19
合成医院46,杭州,已联系,121.36529,30.67889,4
合成医院47,南京,评估中,121.56947,31.5318,5
合成医院48,合肥,已签约,120.61928,30.36012,3
合成医院49,上海,已联系,120.09321,31.27848,14
合成医院50,杭州,评估中,121.40879,30.33527,12
合成医院51,南京,已签约,121.33547,30.71669,13
合成医院52,合肥,已联系,121.79592,31.82069,4
合成医院53,上海,评估中,120.19061,31.4454,10
合成医院54,杭州,已签约,121.86126,30.53922,7
合成医院55,南京,已联系,120.39634,30.46777,8
合成医院56,合肥,评估中,121.74905,31.97075,1
合成医院57,上海,已签约,120.44724,31.91802,4
合成医院58,杭州,已联系,121.57335,30.2725,18
合成医院59,南京,评估中,120.3106,30.92422,13
合成医院60,合肥,已签约,120.36591,30.84502,6
合成医院61,上海,已联系,121.3359,31.76068,9
合成医院62,杭州,评估中,121.27871,30.67351,16
合成医院63,南京,已签约,121.50303,31.96775,14
合成医院64,合肥,已联系,120.63088,30.34498,3
合成医院65,上海,评估中,121.53898,31.92975,7
合成医院66,杭州,已签约,121.83753,30.51379,15
合成医院67,南京,已联系,120.32991,31.21067,4
合成医院68,合肥,评估中,120.81013,31.9113,19
合成医院69,上海,已签约,121.92183,30.31869,3
合成医院70,杭州,已联系,121.52379,30.69054,9
合成医院71,南京,评估中,121.00349,30.54832,12
合成医院72,合肥,已签约,120.27022,31.36116,5
合成医院73,上海,已联系,120.1976,31.09467,13
合成医院74,杭州,评估中,120.14592,31.51957,20
合成医院75,南京,已签约,121.38517,31.55542,18
合成医院76,合肥,已联系,120.25584,31.86973,12
合成医院77,上海,评估中,120.91203,30.13669,18
合成医院78,杭州,已签约,120.14971,30.30326,11
合成医院79,南京,已联系,120.01859,30.6719,16
合成医院80,合肥,评估中,121.27084,31.31769,9
