日期,平台,访问人数,转化人数
2026-01-01,网页端,280,72
2026-01-02,移动端,314,43
2026-01-03,桌面端,444,57
2026-01-04,网页端,278,61
2026-01-05,移动端,227,47
2026-01-06,桌面端,278,71
2026-01-07,网页端,493,45
2026-01-08,移动端,467,73
2026-01-09,桌面端,218,79
2026-01-10,网页端,157,60
2026-01-11,移动端,325,72
2026-01-12,桌面端,108,53
2026-01-13,网页端,387,14
2026-01-14,移动端,264,75
2026-01-15,桌面端,492,26
2026-01-16,网页端,400,64
2026-01-17,移动端,423,19
2026-01-18,桌面端,202,48
2026-01-19,网页端,262,10
2026-01-20,移动端,169,75
2026-01-21,桌面端,452,49
2026-01-22,网页端,236,59
2026-01-23,移动端,427,69
2026-01-24,桌面端,348,58
2026-01-25,网页端,116,66
2026-01-26,移动端,139,29
2026-01-27,桌面端,201,12
2026-01-28,网页端,475,23
2026-01-29,移动端,317,76
2026-01-30,桌面端,155,69
2026-01-31,网页端,116,66
2026-02-01,移动端,119,67
2026-02-02,桌面端,257,19
2026-02-03,网页端,460,69
2026-02-04,移动端,292,45
2026-02-05,桌面端,283,37
2026-02-06,网页端,386,30
2026-02-07,移动端,363,18
2026-02-08,桌面端,297,48
2026-02-09,网页端,448,54
2026-02-10,移动端,117,30
2026-02-11,桌面端,132,17
2026-02-12,网页端,145,41
2026-02-13,移动端,479,64
2026-02-14,桌面端,365,74
2026-02-15,网页端,177,51
2026-02-16,移动端,466,45
2026-02-17,桌面端,242,11
2026-02-18,网页端,234,20
2026-02-19,移动端,154,55
2026-02-20,桌面端,248,59
2026-02-21,网页端,412,55
2026-02-22,移动端,372,22
2026-02-23,桌面端,241,36
2026-02-24,网页端,432,74
2026-02-25,移动端,255,55
2026-02-26,桌面端,222,35
2026-02-27,网页端,128,68
2026-02-28,移动端,154,46
2026-03-01,桌面端,213,13
2026-03-02,网页端,442,53
2026-03-03,移动端,471,55
2026-03-04,桌面端,486,69
2026-03-05,网页端,124,79
2026-03-06,移动端,208,58
2026-03-07,桌面端,431,23
2026-03-08,网页端,352,55
2026-03-09,移动端,440,71
2026-03-10,桌面端,150,10
2026-03-11,网页端,347,75
2026-03-12,移动端,165,33
2026-03-13,桌面端,230,38
2026-03-14,网页端,178,74
2026-03-15,移动端,389,49
2026-03-16,桌面端,347,28
2026-03-17,网页端,184,66
2026-03-18,移动端,408,71
2026-03-19,桌面端,446,61
2026-03-20,网页端,294,29
2026-03-21,移动端,268,21
2026-03-22,桌面端,162,77
2026-03-23,网页端,341,42
2026-03-24,移动端,143,28
2026-03-25,桌面端,268,32
2026-03-26,网页端,144,14
2026-03-27,移动端,458,67
2026-03-28,桌面端,246,61
2026-03-29,网页端,172,30
2026-03-30,移动端,470,11
2026-03-31,桌面端,495,78
2026-01-01,网页端,321,52
2026-01-02,移动端,189,63
2026-01-03,桌面端,218,20
2026-01-04,网页端,167,44
2026-01-05,移动端,195,26
2026-01-06,桌面端,152,51
2026-01-07,网页端,191,21
2026-01-08,移动端,229,69
2026-01-09,桌面端,321,28
2026-01-10,网页端,410,32
2026-01-11,移动端,435,32
2026-01-12,桌面端,192,43
2026-01-13,网页端,419,69
2026-01-14,移动端,145,25
2026-01-15,桌面端,422,54
2026-01-16,网页端,131,49
2026-01-17,移动端,134,72
2026-01-18,桌面端,221,23
2026-01-19,网页端,470,40
2026-01-20,移动端,395,75
2026-01-21,桌面端,395,24
2026-01-22,网页端,287,67
2026-01-23,移动端,461,72
2026-01-24,桌面端,168,76
2026-01-25,网页端,351,28
2026-01-26,移动端,205,11
2026-01-27,桌面端,137,67
2026-01-28,网页端,145,22
2026-01-29,移动端,203,29
2026-01-30,桌面端,401,46
2026-01-31,网页端,277,62
2026-02-01,移动端,131,18
2026-02-02,桌面端,438,71
2026-02-03,网页端,123,29
2026-02-04,移动端,123,47
2026-02-05,桌面端,165,48
2026-02-06,网页端,192,42
2026-02-07,移动端,363,36
2026-02-08,桌面端,431,26
2026-02-09,网页端,271,10
2026-02-10,移动端,387,26
2026-02-11,桌面端,468,25
2026-02-12,网页端,412,62
2026-02-13,移动端,224,42
2026-02-14,桌面端,127,32
2026-02-15,网页端,163,44
2026-02-16,移动端,394,72
2026-02-17,桌面端,189,51
2026-02-18,网页端,239,74
2026-02-19,移动端,313,77
2026-02-20,桌面端,342,53
2026-02-21,网页端,347,28
2026-02-22,移动端,351,47
2026-02-23,桌面端,193,17
2026-02-24,网页端,316,55
2026-02-25,移动端,367,10
2026-02-26,桌面端,328,41
2026-02-27,网页端,393,73
2026-02-28,移动端,176,69
2026-03-01,桌面端,124,46
2026-03-02,网页端,167,80
2026-03-03,移动端,472,12
2026-03-04,桌面端,448,59
2026-03-05,网页端,158,69
2026-03-06,移动端,349,33
2026-03-07,桌面端,229,42
2026-03-08,网页端,132,61
2026-03-09,移动端,138,37
2026-03-10,桌面端,370,48
2026-03-11,网页端,267,55
2026-03-12,移动端,218,29
2026-03-13,桌面端,446,22
2026-03-14,网页端,190,53
2026-03-15,移动端,414,41
2026-03-16,桌面端,328,47
2026-03-17,网页端,267,20
2026-03-18,移动端,391,24
2026-03-19,桌面端,411,14
2026-03-20,网页端,292,30
2026-03-21,移动端,214,16
2026-03-22,桌面端,470,59
2026-03-23,网页端,211,56
2026-03-24,移动端,391,65
2026-03-25,桌面端,237,27
2026-03-26,网页端,139,75
2026-03-27,移动端,479,67
2026-03-28,桌面端,323,64
2026-03-29,网页端,318,61
2026-03-30,移动端,492,80
2026-03-31,桌面端,248,55
2026-01-01,网页端,297,61
2026-01-02,移动端,137,60
2026-01-03,桌面端,202,46
2026-01-04,网页端,482,28
2026-01-05,移动端,334,58
2026-01-06,桌面端,417,46
2026-01-07,网页端,100,32
2026-01-08,移动端,264,41
2026-01-09,桌面端,165,62
2026-01-10,网页端,499,12
2026-01-11,移动端,319,53
2026-01-12,桌面端,412,48
2026-01-13,网页端,241,61
2026-01-14,移动端,120,21
2026-01-15,桌面端,178,31
2026-01-16,网页端,132,55
2026-01-17,移动端,367,58
2026-01-18,桌面端,398,27
2026-01-19,网页端,185,71
2026-01-20,移动端,422,33
2026-01-21,桌面端,393,33
2026-01-22,网页端,364,59
2026-01-23,移动端,108,27
2026-01-24,桌面端,280,76
2026-01-25,网页端,340,74
2026-01-26,移动端,160,29
2026-01-27,桌面端,191,58
2026-01-28,网页端,466,17
2026-01-29,移动端,118,54
2026-01-30,桌面端,429,15
2026-01-31,网页端,247,80
2026-02-01,移动端,178,52
2026-02-02,桌面端,181,65
2026-02-03,网页端,204,48
2026-02-04,移动端,439,40
2026-02-05,桌面端,478,16
2026-02-06,网页端,135,48
2026-02-07,移动端,357,54
2026-02-08,桌面端,285,77
2026-02-09,网页端,381,57
2026-02-10,移动端,107,37
2026-02-11,桌面端,358,39
2026-02-12,网页端,147,56
2026-02-13,移动端,302,54
2026-02-14,桌面端,103,22
2026-02-15,网页端,111,64
2026-02-16,移动端,173,18
2026-02-17,桌面端,279,29
2026-02-18,网页端,170,67
2026-02-19,移动端,458,22
2026-02-20,桌面端,102,77
2026-02-21,网页端,165,17
2026-02-22,移动端,213,48
2026-02-23,桌面端,148,39
2026-02-24,网页端,397,37
2026-02-25,移动端,318,21
2026-02-26,桌面端,295,19
2026-02-27,网页端,158,35
2026-02-28,移动端,158,72
2026-03-01,桌面端,498,45
2026-03-02,网页端,243,43
2026-03-03,移动端,261,64
2026-03-04,桌面端,494,49
2026-03-05,网页端,393,70
2026-03-06,移动端,188,67
2026-03-07,桌面端,141,37
2026-03-08,网页端,211,52
2026-03-09,移动端,187,73
2026-03-10,桌面端,380,44
2026-03-11,网页端,416,13
2026-03-12,移动端,481,27
2026-03-13,桌面端,461,52
2026-03-14,网页端,356,25
2026-03-15,移动端,382,51
2026-03-16,桌面端,359,17
2026-03-17,网页端,290,68
2026-03-18,移动端,398,44
2026-03-19,桌面端,311,48
2026-03-20,网页端,207,79
2026-03-21,移动端,227,61
2026-03-22,桌面端,181,66
2026-03-23,网页端,238,34
2026-03-24,移动端,316,41
2026-03-25,桌面端,261,73
2026-03-26,网页端,102,56
2026-03-27,移动端,353,36
2026-03-28,桌面端,479,23
2026-03-29,网页端,492,35
2026-03-30,移动端,465,49
2026-03-31,桌面端,226,37
