订单编号,订单日期,地区,产品,数量,销售额
SO-00001,2026-01-01,华东,专业版,4,4546.15
SO-00002,2026-01-02,华南,团队版,2,1349.6
SO-00003,2026-01-03,华北,企业版,8,3918.03
SO-00004,2026-01-04,西南,专业版,6,6056.68
SO-00005,2026-01-05,华东,团队版,5,1347.54
SO-00006,2026-01-06,华南,企业版,11,4395.06
SO-00007,2026-01-07,华北,专业版,5,856.69
SO-00008,2026-01-08,西南,团队版,6,7192.98
SO-00009,2026-01-09,华东,企业版,11,5556.66
SO-00010,2026-01-10,华南,专业版,11,897.68
SO-00011,2026-01-11,华北,团队版,9,1905.63
SO-00012,2026-01-12,西南,企业版,2,2989.16
SO-00013,2026-01-13,华东,专业版,10,6779.65
SO-00014,2026-01-14,华南,团队版,2,4088.11
SO-00015,2026-01-15,华北,企业版,1,7688.84
SO-00016,2026-01-16,西南,专业版,1,6201.84
SO-00017,2026-01-17,华东,团队版,7,1094.58
SO-00018,2026-01-18,华南,企业版,5,5506.86
SO-00019,2026-01-19,华北,专业版,1,2231.49
SO-00020,2026-01-20,西南,团队版,8,1878.27
SO-00021,2026-01-21,华东,企业版,3,1817.4
SO-00022,2026-01-22,华南,专业版,4,1062.48
SO-00023,2026-01-23,华北,团队版,3,5565.19
SO-00024,2026-01-24,西南,企业版,2,1173.22
SO-00025,2026-01-25,华东,专业版,8,1471.4
SO-00026,2026-01-26,华南,团队版,11,6692.49
SO-00027,2026-01-27,华北,企业版,11,3206.61
SO-00028,2026-01-28,西南,专业版,4,8176.25
SO-00029,2026-01-29,华东,团队版,8,5248.97
SO-00030,2026-01-30,华南,企业版,2,991.96
SO-00031,2026-01-31,华北,专业版,4,8370.02
SO-00032,2026-02-01,西南,团队版,8,5752.51
SO-00033,2026-02-02,华东,企业版,5,7405.49
SO-00034,2026-02-03,华南,专业版,4,6397.8
SO-00035,2026-02-04,华北,团队版,6,5362.87
SO-00036,2026-02-05,西南,企业版,12,1993.97
SO-00037,2026-02-06,华东,专业版,2,7153.3
SO-00038,2026-02-07,华南,团队版,6,4343.77
SO-00039,2026-02-08,华北,企业版,6,6789.95
SO-00040,2026-02-09,西南,专业版,8,1384.48
SO-00041,2026-02-10,华东,团队版,1,7977.58
SO-00042,2026-02-11,华南,企业版,12,6381.37
SO-00043,2026-02-12,华北,专业版,7,6617.59
SO-00044,2026-02-13,西南,团队版,8,4164.48
SO-00045,2026-02-14,华东,企业版,7,3871.93
SO-00046,2026-02-15,华南,专业版,12,5121.43
SO-00047,2026-02-16,华北,团队版,12,5411.8
SO-00048,2026-02-17,西南,企业版,4,8420.95
SO-00049,2026-02-18,华东,专业版,9,2287.28
SO-00050,2026-02-19,华南,团队版,2,4448.51
SO-00051,2026-02-20,华北,企业版,6,4383.44
SO-00052,2026-02-21,西南,专业版,2,3658.05
SO-00053,2026-02-22,华东,团队版,11,5260.42
SO-00054,2026-02-23,华南,企业版,1,3096.98
SO-00055,2026-02-24,华北,专业版,1,3981.93
SO-00056,2026-02-25,西南,团队版,9,5223.37
SO-00057,2026-02-26,华东,企业版,7,5895.11
SO-00058,2026-02-27,华南,专业版,8,6391.98
SO-00059,2026-02-28,华北,团队版,9,8682.6
SO-00060,2026-03-01,西南,企业版,5,4024.86
SO-00061,2026-03-02,华东,专业版,4,4610.77
SO-00062,2026-03-03,华南,团队版,11,4318.29
SO-00063,2026-03-04,华北,企业版,7,2822.46
SO-00064,2026-03-05,西南,专业版,9,2869.17
SO-00065,2026-03-06,华东,团队版,1,4635.18
SO-00066,2026-03-07,华南,企业版,10,8147.17
SO-00067,2026-03-08,华北,专业版,4,6275.98
SO-00068,2026-03-09,西南,团队版,3,5305.2
SO-00069,2026-03-10,华东,企业版,11,4228.68
SO-00070,2026-03-11,华南,专业版,9,2100.68
SO-00071,2026-03-12,华北,团队版,11,7366.75
SO-00072,2026-03-13,西南,企业版,11,7126.43
SO-00073,2026-03-14,华东,专业版,11,1273.34
SO-00074,2026-03-15,华南,团队版,4,7658.79
SO-00075,2026-03-16,华北,企业版,3,7529.29
SO-00076,2026-03-17,西南,专业版,1,1292.2
SO-00077,2026-03-18,华东,团队版,3,2774.06
SO-00078,2026-03-19,华南,企业版,6,5272.92
SO-00079,2026-03-20,华北,专业版,8,2090.51
SO-00080,2026-03-21,西南,团队版,2,2950.12
SO-00081,2026-03-22,华东,企业版,11,7474.29
SO-00082,2026-03-23,华南,专业版,3,8151.24
SO-00083,2026-03-24,华北,团队版,9,2770.71
SO-00084,2026-03-25,西南,企业版,10,2821.41
SO-00085,2026-03-26,华东,专业版,7,4018.77
SO-00086,2026-03-27,华南,团队版,2,1460.02
SO-00087,2026-03-28,华北,企业版,11,8211.47
SO-00088,2026-03-29,西南,专业版,11,5370.1
SO-00089,2026-03-30,华东,团队版,4,3316.98
SO-00090,2026-03-31,华南,企业版,7,1719.72
SO-00091,2026-04-01,华北,专业版,7,4060.28
SO-00092,2026-04-02,西南,团队版,9,5007.3
SO-00093,2026-04-03,华东,企业版,2,2527.41
SO-00094,2026-04-04,华南,专业版,12,1074.42
SO-00095,2026-04-05,华北,团队版,2,6719.95
SO-00096,2026-04-06,西南,企业版,1,880.67
SO-00097,2026-04-07,华东,专业版,3,5032.61
SO-00098,2026-04-08,华南,团队版,2,3045.67
SO-00099,2026-04-09,华北,企业版,3,6561.23
SO-00100,2026-04-10,西南,专业版,10,7953.12
SO-00101,2026-04-11,华东,团队版,8,5170.33
SO-00102,2026-04-12,华南,企业版,10,5582.69
SO-00103,2026-04-13,华北,专业版,3,6762.95
SO-00104,2026-04-14,西南,团队版,6,7943.15
SO-00105,2026-04-15,华东,企业版,10,5683.27
SO-00106,2026-04-16,华南,专业版,10,8358.0
SO-00107,2026-04-17,华北,团队版,2,4331.51
SO-00108,2026-04-18,西南,企业版,8,5781.58
SO-00109,2026-04-19,华东,专业版,7,6725.87
SO-00110,2026-04-20,华南,团队版,6,849.37
SO-00111,2026-04-21,华北,企业版,4,4480.08
SO-00112,2026-04-22,西南,专业版,12,7159.2
SO-00113,2026-04-23,华东,团队版,9,1495.66
SO-00114,2026-04-24,华南,企业版,5,2696.32
SO-00115,2026-04-25,华北,专业版,1,5759.17
SO-00116,2026-04-26,西南,团队版,4,2706.88
SO-00117,2026-04-27,华东,企业版,11,2205.11
SO-00118,2026-04-28,华南,专业版,9,4858.93
SO-00119,2026-04-29,华北,团队版,2,6227.75
SO-00120,2026-04-30,西南,企业版,5,3587.95
SO-00121,2026-05-01,华东,专业版,1,2906.72
SO-00122,2026-05-02,华南,团队版,5,8940.66
SO-00123,2026-05-03,华北,企业版,5,991.41
SO-00124,2026-05-04,西南,专业版,7,4813.25
SO-00125,2026-05-05,华东,团队版,1,5314.06
SO-00126,2026-05-06,华南,企业版,3,4927.77
SO-00127,2026-05-07,华北,专业版,11,6805.53
SO-00128,2026-05-08,西南,团队版,5,2070.95
SO-00129,2026-05-09,华东,企业版,8,2090.42
SO-00130,2026-05-10,华南,专业版,12,7478.5
SO-00131,2026-05-11,华北,团队版,10,4104.6
SO-00132,2026-05-12,西南,企业版,11,8286.99
SO-00133,2026-05-13,华东,专业版,9,5186.45
SO-00134,2026-05-14,华南,团队版,3,8638.59
SO-00135,2026-05-15,华北,企业版,2,6091.84
SO-00136,2026-05-16,西南,专业版,7,2280.42
SO-00137,2026-05-17,华东,团队版,6,2342.35
SO-00138,2026-05-18,华南,企业版,5,2959.81
SO-00139,2026-05-19,华北,专业版,10,3553.43
SO-00140,2026-05-20,西南,团队版,6,1859.45
SO-00141,2026-05-21,华东,企业版,8,5815.65
SO-00142,2026-05-22,华南,专业版,5,5846.07
SO-00143,2026-05-23,华北,团队版,12,3815.82
SO-00144,2026-05-24,西南,企业版,5,6533.87
SO-00145,2026-05-25,华东,专业版,11,3579.85
SO-00146,2026-05-26,华南,团队版,7,2415.87
SO-00147,2026-05-27,华北,企业版,4,5478.92
SO-00148,2026-05-28,西南,专业版,3,3114.94
SO-00149,2026-05-29,华东,团队版,2,5846.87
SO-00150,2026-05-30,华南,企业版,1,2592.93
SO-00151,2026-05-31,华北,专业版,11,5267.85
SO-00152,2026-06-01,西南,团队版,5,2902.64
SO-00153,2026-06-02,华东,企业版,4,5693.95
SO-00154,2026-06-03,华南,专业版,9,2964.71
SO-00155,2026-06-04,华北,团队版,1,8852.45
SO-00156,2026-06-05,西南,企业版,7,5585.81
SO-00157,2026-06-06,华东,专业版,3,5018.23
SO-00158,2026-06-07,华南,团队版,3,5448.17
SO-00159,2026-06-08,华北,企业版,11,3394.66
SO-00160,2026-06-09,西南,专业版,1,8333.19
SO-00161,2026-06-10,华东,团队版,3,3826.71
SO-00162,2026-06-11,华南,企业版,11,5439.95
SO-00163,2026-06-12,华北,专业版,11,1872.42
SO-00164,2026-06-13,西南,团队版,11,4583.81
SO-00165,2026-06-14,华东,企业版,12,2803.32
SO-00166,2026-06-15,华南,专业版,7,1094.95
SO-00167,2026-06-16,华北,团队版,1,3582.88
SO-00168,2026-01-01,西南,企业版,3,6508.6
SO-00169,2026-01-02,华东,专业版,5,3221.5
SO-00170,2026-01-03,华南,团队版,10,1459.5
SO-00171,2026-01-04,华北,企业版,8,1408.04
SO-00172,2026-01-05,西南,专业版,2,1023.73
SO-00173,2026-01-06,华东,团队版,8,3532.87
SO-00174,2026-01-07,华南,企业版,1,3679.85
SO-00175,2026-01-08,华北,专业版,7,3575.85
SO-00176,2026-01-09,西南,团队版,7,2295.52
SO-00177,2026-01-10,华东,企业版,8,8579.72
SO-00178,2026-01-11,华南,专业版,11,3689.19
SO-00179,2026-01-12,华北,团队版,5,7584.91
SO-00180,2026-01-13,西南,企业版,8,3663.99
SO-00181,2026-01-14,华东,专业版,5,7751.19
SO-00182,2026-01-15,华南,团队版,12,3162.41
SO-00183,2026-01-16,华北,企业版,2,5495.23
SO-00184,2026-01-17,西南,专业版,6,6805.05
SO-00185,2026-01-18,华东,团队版,2,6887.4
SO-00186,2026-01-19,华南,企业版,7,1801.47
SO-00187,2026-01-20,华北,专业版,3,6685.92
SO-00188,2026-01-21,西南,团队版,8,5827.13
SO-00189,2026-01-22,华东,企业版,9,1817.49
SO-00190,2026-01-23,华南,专业版,2,2021.71
SO-00191,2026-01-24,华北,团队版,6,7898.12
SO-00192,2026-01-25,西南,企业版,5,5344.9
SO-00193,2026-01-26,华东,专业版,11,7394.14
SO-00194,2026-01-27,华南,团队版,11,6259.92
SO-00195,2026-01-28,华北,企业版,1,8234.96
SO-00196,2026-01-29,西南,专业版,1,8467.08
SO-00197,2026-01-30,华东,团队版,4,3064.54
SO-00198,2026-01-31,华南,企业版,8,1684.46
SO-00199,2026-02-01,华北,专业版,4,5068.5
SO-00200,2026-02-02,西南,团队版,1,1834.01
SO-00201,2026-02-03,华东,企业版,11,5054.46
SO-00202,2026-02-04,华南,专业版,9,5026.68
SO-00203,2026-02-05,华北,团队版,5,7068.07
SO-00204,2026-02-06,西南,企业版,11,2952.28
SO-00205,2026-02-07,华东,专业版,1,4496.12
SO-00206,2026-02-08,华南,团队版,10,1029.92
SO-00207,2026-02-09,华北,企业版,12,8839.11
SO-00208,2026-02-10,西南,专业版,9,6393.12
SO-00209,2026-02-11,华东,团队版,3,5645.58
SO-00210,2026-02-12,华南,企业版,6,1045.0
SO-00211,2026-02-13,华北,专业版,4,9303.76
SO-00212,2026-02-14,西南,团队版,12,3450.53
SO-00213,2026-02-15,华东,企业版,6,994.57
SO-00214,2026-02-16,华南,专业版,5,7008.11
SO-00215,2026-02-17,华北,团队版,2,8140.55
SO-00216,2026-02-18,西南,企业版,11,8607.06
SO-00217,2026-02-19,华东,专业版,8,8009.85
SO-00218,2026-02-20,华南,团队版,5,3019.7
SO-00219,2026-02-21,华北,企业版,5,7828.84
SO-00220,2026-02-22,西南,专业版,4,4845.78
SO-00221,2026-02-23,华东,团队版,4,3877.34
SO-00222,2026-02-24,华南,企业版,10,1542.48
SO-00223,2026-02-25,华北,专业版,7,1583.65
SO-00224,2026-02-26,西南,团队版,12,5931.29
SO-00225,2026-02-27,华东,企业版,11,4384.67
SO-00226,2026-02-28,华南,专业版,2,7592.4
SO-00227,2026-03-01,华北,团队版,1,6988.63
SO-00228,2026-03-02,西南,企业版,2,1158.37
SO-00229,2026-03-03,华东,专业版,2,7059.42
SO-00230,2026-03-04,华南,团队版,8,7046.2
SO-00231,2026-03-05,华北,企业版,8,8037.2
SO-00232,2026-03-06,西南,专业版,8,9301.24
SO-00233,2026-03-07,华东,团队版,7,5927.95
SO-00234,2026-03-08,华南,企业版,2,1650.44
SO-00235,2026-03-09,华北,专业版,10,1917.98
SO-00236,2026-03-10,西南,团队版,6,6428.61
SO-00237,2026-03-11,华东,企业版,5,7357.23
SO-00238,2026-03-12,华南,专业版,6,1686.31
SO-00239,2026-03-13,华北,团队版,12,5133.0
SO-00240,2026-03-14,西南,企业版,5,6560.62
SO-00241,2026-03-15,华东,专业版,7,8944.26
SO-00242,2026-03-16,华南,团队版,7,3171.19
SO-00243,2026-03-17,华北,企业版,4,5973.09
SO-00244,2026-03-18,西南,专业版,12,1974.38
SO-00245,2026-03-19,华东,团队版,5,9288.75
SO-00246,2026-03-20,华南,企业版,11,7804.62
SO-00247,2026-03-21,华北,专业版,9,4862.9
SO-00248,2026-03-22,西南,团队版,7,5415.33
SO-00249,2026-03-23,华东,企业版,7,5928.37
SO-00250,2026-03-24,华南,专业版,11,3322.44
SO-00251,2026-03-25,华北,团队版,8,2844.8
SO-00252,2026-03-26,西南,企业版,2,989.76
SO-00253,2026-03-27,华东,专业版,6,3626.35
SO-00254,2026-03-28,华南,团队版,9,8121.61
SO-00255,2026-03-29,华北,企业版,9,7523.44
SO-00256,2026-03-30,西南,专业版,6,8385.53
SO-00257,2026-03-31,华东,团队版,8,5175.87
SO-00258,2026-04-01,华南,企业版,8,5773.69
SO-00259,2026-04-02,华北,专业版,1,3502.19
SO-00260,2026-04-03,西南,团队版,4,8817.69
SO-00261,2026-04-04,华东,企业版,12,8327.3
SO-00262,2026-04-05,华南,专业版,9,7627.8
SO-00263,2026-04-06,华北,团队版,4,8746.96
SO-00264,2026-04-07,西南,企业版,8,2537.36
SO-00265,2026-04-08,华东,专业版,7,7122.83
SO-00266,2026-04-09,华南,团队版,6,2353.05
SO-00267,2026-04-10,华北,企业版,12,8684.71
SO-00268,2026-04-11,西南,专业版,5,8810.37
SO-00269,2026-04-12,华东,团队版,1,1164.59
SO-00270,2026-04-13,华南,企业版,6,7789.22
SO-00271,2026-04-14,华北,专业版,7,7464.38
SO-00272,2026-04-15,西南,团队版,5,7086.45
SO-00273,2026-04-16,华东,企业版,3,1921.63
SO-00274,2026-04-17,华南,专业版,7,6537.84
SO-00275,2026-04-18,华北,团队版,4,5231.53
SO-00276,2026-04-19,西南,企业版,2,8803.15
SO-00277,2026-04-20,华东,专业版,5,6169.17
SO-00278,2026-04-21,华南,团队版,2,5967.19
SO-00279,2026-04-22,华北,企业版,5,1788.57
SO-00280,2026-04-23,西南,专业版,2,7706.33
SO-00281,2026-04-24,华东,团队版,6,9031.39
SO-00282,2026-04-25,华南,企业版,7,4221.92
SO-00283,2026-04-26,华北,专业版,6,1485.41
SO-00284,2026-04-27,西南,团队版,8,2489.7
SO-00285,2026-04-28,华东,企业版,2,8858.8
SO-00286,2026-04-29,华南,专业版,10,3294.46
SO-00287,2026-04-30,华北,团队版,11,1807.67
SO-00288,2026-05-01,西南,企业版,3,6792.37
SO-00289,2026-05-02,华东,专业版,9,2417.08
SO-00290,2026-05-03,华南,团队版,11,9055.32
SO-00291,2026-05-04,华北,企业版,3,7163.47
SO-00292,2026-05-05,西南,专业版,1,6985.1
SO-00293,2026-05-06,华东,团队版,10,3157.93
SO-00294,2026-05-07,华南,企业版,12,9388.36
SO-00295,2026-05-08,华北,专业版,5,9410.67
SO-00296,2026-05-09,西南,团队版,5,8139.07
SO-00297,2026-05-10,华东,企业版,2,2109.76
SO-00298,2026-05-11,华南,专业版,4,9214.51
SO-00299,2026-05-12,华北,团队版,9,1673.99
SO-00300,2026-05-13,西南,企业版,5,1177.24
SO-00301,2026-05-14,华东,专业版,6,4590.5
SO-00302,2026-05-15,华南,团队版,1,7596.97
SO-00303,2026-05-16,华北,企业版,9,3205.49
SO-00304,2026-05-17,西南,专业版,4,9313.73
SO-00305,2026-05-18,华东,团队版,8,9254.44
SO-00306,2026-05-19,华南,企业版,8,1335.81
SO-00307,2026-05-20,华北,专业版,9,6021.28
SO-00308,2026-05-21,西南,团队版,6,2899.07
SO-00309,2026-05-22,华东,企业版,7,4194.89
SO-00310,2026-05-23,华南,专业版,11,6127.31
SO-00311,2026-05-24,华北,团队版,6,7264.64
SO-00312,2026-05-25,西南,企业版,12,6581.44
SO-00313,2026-05-26,华东,专业版,10,4564.45
SO-00314,2026-05-27,华南,团队版,6,4642.1
SO-00315,2026-05-28,华北,企业版,4,4370.38
SO-00316,2026-05-29,西南,专业版,3,4514.56
SO-00317,2026-05-30,华东,团队版,8,3299.36
SO-00318,2026-05-31,华南,企业版,2,9441.76
SO-00319,2026-06-01,华北,专业版,6,6569.63
SO-00320,2026-06-02,西南,团队版,10,9544.36
SO-00321,2026-06-03,华东,企业版,5,1653.1
SO-00322,2026-06-04,华南,专业版,4,4781.61
SO-00323,2026-06-05,华北,团队版,10,8393.35
SO-00324,2026-06-06,西南,企业版,2,7233.93
SO-00325,2026-06-07,华东,专业版,5,3852.34
SO-00326,2026-06-08,华南,团队版,6,3124.87
SO-00327,2026-06-09,华北,企业版,5,9162.58
SO-00328,2026-06-10,西南,专业版,12,3997.46
SO-00329,2026-06-11,华东,团队版,12,5838.8
SO-00330,2026-06-12,华南,企业版,12,2552.01
SO-00331,2026-06-13,华北,专业版,12,7403.45
SO-00332,2026-06-14,西南,团队版,11,3571.11
SO-00333,2026-06-15,华东,企业版,10,4944.62
SO-00334,2026-06-16,华南,专业版,6,2118.31
SO-00335,2026-01-01,华北,团队版,4,9391.77
SO-00336,2026-01-02,西南,企业版,8,3085.72
SO-00337,2026-01-03,华东,专业版,11,7997.85
SO-00338,2026-01-04,华南,团队版,11,1539.99
SO-00339,2026-01-05,华北,企业版,4,5677.61
SO-00340,2026-01-06,西南,专业版,5,6204.29
SO-00341,2026-01-07,华东,团队版,6,6593.42
SO-00342,2026-01-08,华南,企业版,4,8622.13
SO-00343,2026-01-09,华北,专业版,3,3447.28
SO-00344,2026-01-10,西南,团队版,4,2708.99
SO-00345,2026-01-11,华东,企业版,4,9317.42
SO-00346,2026-01-12,华南,专业版,2,6510.83
SO-00347,2026-01-13,华北,团队版,4,4261.13
SO-00348,2026-01-14,西南,企业版,1,4468.22
SO-00349,2026-01-15,华东,专业版,3,1485.34
SO-00350,2026-01-16,华南,团队版,5,1639.77
SO-00351,2026-01-17,华北,企业版,8,4784.77
SO-00352,2026-01-18,西南,专业版,5,6479.81
SO-00353,2026-01-19,华东,团队版,11,9232.51
SO-00354,2026-01-20,华南,企业版,1,6076.26
SO-00355,2026-01-21,华北,专业版,9,4622.84
SO-00356,2026-01-22,西南,团队版,5,1812.7
SO-00357,2026-01-23,华东,企业版,7,9242.8
SO-00358,2026-01-24,华南,专业版,5,1117.79
SO-00359,2026-01-25,华北,团队版,2,5641.89
SO-00360,2026-01-26,西南,企业版,8,3225.25
SO-00361,2026-01-27,华东,专业版,8,2786.84
SO-00362,2026-01-28,华南,团队版,5,4228.48
SO-00363,2026-01-29,华北,企业版,11,8731.45
SO-00364,2026-01-30,西南,专业版,12,5242.18
SO-00365,2026-01-31,华东,团队版,10,8310.44
SO-00366,2026-02-01,华南,企业版,5,9712.67
SO-00367,2026-02-02,华北,专业版,1,7772.41
SO-00368,2026-02-03,西南,团队版,2,5720.2
SO-00369,2026-02-04,华东,企业版,4,6167.29
SO-00370,2026-02-05,华南,专业版,4,3872.09
SO-00371,2026-02-06,华北,团队版,1,8992.71
SO-00372,2026-02-07,西南,企业版,6,1647.64
SO-00373,2026-02-08,华东,专业版,9,8866.43
SO-00374,2026-02-09,华南,团队版,6,4207.95
SO-00375,2026-02-10,华北,企业版,1,3634.46
SO-00376,2026-02-11,西南,专业版,9,2222.06
SO-00377,2026-02-12,华东,团队版,10,3660.53
SO-00378,2026-02-13,华南,企业版,2,4627.98
SO-00379,2026-02-14,华北,专业版,1,4094.84
SO-00380,2026-02-15,西南,团队版,10,4950.63
SO-00381,2026-02-16,华东,企业版,4,2923.43
SO-00382,2026-02-17,华南,专业版,12,1501.07
SO-00383,2026-02-18,华北,团队版,9,9559.97
SO-00384,2026-02-19,西南,企业版,7,1195.52
SO-00385,2026-02-20,华东,专业版,2,3250.5
SO-00386,2026-02-21,华南,团队版,11,6060.08
SO-00387,2026-02-22,华北,企业版,7,1800.95
SO-00388,2026-02-23,西南,专业版,9,3721.24
SO-00389,2026-02-24,华东,团队版,12,1968.0
SO-00390,2026-02-25,华南,企业版,10,9375.22
SO-00391,2026-02-26,华北,专业版,12,3705.98
SO-00392,2026-02-27,西南,团队版,12,3680.58
SO-00393,2026-02-28,华东,企业版,10,6278.27
SO-00394,2026-03-01,华南,专业版,1,3275.85
SO-00395,2026-03-02,华北,团队版,5,8081.87
SO-00396,2026-03-03,西南,企业版,8,9711.4
SO-00397,2026-03-04,华东,专业版,8,6738.89
SO-00398,2026-03-05,华南,团队版,12,8495.38
SO-00399,2026-03-06,华北,企业版,9,3250.74
SO-00400,2026-03-07,西南,专业版,6,9578.68
SO-00401,2026-03-08,华东,团队版,12,1446.94
SO-00402,2026-03-09,华南,企业版,1,5083.41
SO-00403,2026-03-10,华北,专业版,4,3985.46
SO-00404,2026-03-11,西南,团队版,8,3102.03
SO-00405,2026-03-12,华东,企业版,6,7816.7
SO-00406,2026-03-13,华南,专业版,11,5444.85
SO-00407,2026-03-14,华北,团队版,4,2501.5
SO-00408,2026-03-15,西南,企业版,10,2091.36
SO-00409,2026-03-16,华东,专业版,8,2530.72
SO-00410,2026-03-17,华南,团队版,2,9857.63
SO-00411,2026-03-18,华北,企业版,1,3322.56
SO-00412,2026-03-19,西南,专业版,12,4439.82
SO-00413,2026-03-20,华东,团队版,3,6559.86
SO-00414,2026-03-21,华南,企业版,1,2961.97
SO-00415,2026-03-22,华北,专业版,2,6911.94
SO-00416,2026-03-23,西南,团队版,8,9488.47
SO-00417,2026-03-24,华东,企业版,12,5205.09
SO-00418,2026-03-25,华南,专业版,2,4182.21
SO-00419,2026-03-26,华北,团队版,2,8054.38
SO-00420,2026-03-27,西南,企业版,1,9195.14
SO-00421,2026-03-28,华东,专业版,4,8371.51
SO-00422,2026-03-29,华南,团队版,6,3215.76
SO-00423,2026-03-30,华北,企业版,2,3699.5
SO-00424,2026-03-31,西南,专业版,5,2390.86
SO-00425,2026-04-01,华东,团队版,2,7273.21
SO-00426,2026-04-02,华南,企业版,12,4257.28
SO-00427,2026-04-03,华北,专业版,2,1337.65
SO-00428,2026-04-04,西南,团队版,8,2035.01
SO-00429,2026-04-05,华东,企业版,10,3226.34
SO-00430,2026-04-06,华南,专业版,8,5040.14
SO-00431,2026-04-07,华北,团队版,4,1357.29
SO-00432,2026-04-08,西南,企业版,9,4664.57
SO-00433,2026-04-09,华东,专业版,11,3545.9
SO-00434,2026-04-10,华南,团队版,7,6556.3
SO-00435,2026-04-11,华北,企业版,2,9205.99
SO-00436,2026-04-12,西南,专业版,6,9267.6
SO-00437,2026-04-13,华东,团队版,10,6557.75
SO-00438,2026-04-14,华南,企业版,7,6579.93
SO-00439,2026-04-15,华北,专业版,5,7110.19
SO-00440,2026-04-16,西南,团队版,11,1195.63
SO-00441,2026-04-17,华东,企业版,7,4632.15
SO-00442,2026-04-18,华南,专业版,11,6024.17
SO-00443,2026-04-19,华北,团队版,5,7284.05
SO-00444,2026-04-20,西南,企业版,11,2989.3
SO-00445,2026-04-21,华东,专业版,9,4686.24
SO-00446,2026-04-22,华南,团队版,2,1700.75
SO-00447,2026-04-23,华北,企业版,5,8941.5
SO-00448,2026-04-24,西南,专业版,9,3432.0
SO-00449,2026-04-25,华东,团队版,5,2051.43
SO-00450,2026-04-26,华南,企业版,8,7269.28
SO-00451,2026-04-27,华北,专业版,12,3473.83
SO-00452,2026-04-28,西南,团队版,10,7685.98
SO-00453,2026-04-29,华东,企业版,3,1306.22
SO-00454,2026-04-30,华南,专业版,5,3329.47
SO-00455,2026-05-01,华北,团队版,5,1687.77
SO-00456,2026-05-02,西南,企业版,11,2227.22
SO-00457,2026-05-03,华东,专业版,3,8956.91
SO-00458,2026-05-04,华南,团队版,8,7037.68
SO-00459,2026-05-05,华北,企业版,3,1462.67
SO-00460,2026-05-06,西南,专业版,7,4215.94
SO-00461,2026-05-07,华东,团队版,7,8222.05
SO-00462,2026-05-08,华南,企业版,12,9684.4
SO-00463,2026-05-09,华北,专业版,4,1120.82
SO-00464,2026-05-10,西南,团队版,11,9182.72
SO-00465,2026-05-11,华东,企业版,2,7899.29
SO-00466,2026-05-12,华南,专业版,12,2884.5
SO-00467,2026-05-13,华北,团队版,2,4839.36
SO-00468,2026-05-14,西南,企业版,5,4461.98
SO-00469,2026-05-15,华东,专业版,7,2218.06
SO-00470,2026-05-16,华南,团队版,2,7653.47
SO-00471,2026-05-17,华北,企业版,7,4230.49
SO-00472,2026-05-18,西南,专业版,10,6719.42
SO-00473,2026-05-19,华东,团队版,11,3481.47
SO-00474,2026-05-20,华南,企业版,11,10325.07
SO-00475,2026-05-21,华北,专业版,3,7190.08
SO-00476,2026-05-22,西南,团队版,6,2884.77
SO-00477,2026-05-23,华东,企业版,6,3381.01
SO-00478,2026-05-24,华南,专业版,6,5767.23
SO-00479,2026-05-25,华北,团队版,9,5922.06
SO-00480,2026-05-26,西南,企业版,10,6733.28
SO-00481,2026-05-27,华东,专业版,1,3105.77
SO-00482,2026-05-28,华南,团队版,8,5797.51
SO-00483,2026-05-29,华北,企业版,2,3349.34
SO-00484,2026-05-30,西南,专业版,11,4512.16
SO-00485,2026-05-31,华东,团队版,7,1716.81
SO-00486,2026-06-01,华南,企业版,12,6609.7
SO-00487,2026-06-02,华北,专业版,11,5859.89
SO-00488,2026-06-03,西南,团队版,3,1141.82
SO-00489,2026-06-04,华东,企业版,2,8605.66
SO-00490,2026-06-05,华南,专业版,10,1632.46
SO-00491,2026-06-06,华北,团队版,3,9078.32
SO-00492,2026-06-07,西南,企业版,9,1997.63
SO-00493,2026-06-08,华东,专业版,9,6207.81
SO-00494,2026-06-09,华南,团队版,2,9129.54
SO-00495,2026-06-10,华北,企业版,1,7742.8
SO-00496,2026-06-11,西南,专业版,8,10282.01
SO-00497,2026-06-12,华东,团队版,9,4482.71
SO-00498,2026-06-13,华南,企业版,5,5657.55
SO-00499,2026-06-14,华北,专业版,8,7939.78
SO-00500,2026-06-15,西南,团队版,11,4443.96
SO-00501,2026-06-16,华东,企业版,4,8919.28
SO-00502,2026-01-01,华南,专业版,4,6015.27
SO-00503,2026-01-02,华北,团队版,9,1202.73
SO-00504,2026-01-03,西南,企业版,6,9481.63
SO-00505,2026-01-04,华东,专业版,7,5191.06
SO-00506,2026-01-05,华南,团队版,9,8724.39
SO-00507,2026-01-06,华北,企业版,6,8639.2
SO-00508,2026-01-07,西南,专业版,7,4410.46
SO-00509,2026-01-08,华东,团队版,6,2840.03
SO-00510,2026-01-09,华南,企业版,4,7068.91
SO-00511,2026-01-10,华北,专业版,12,7404.73
SO-00512,2026-01-11,西南,团队版,8,9303.72
SO-00513,2026-01-12,华东,企业版,6,9675.25
SO-00514,2026-01-13,华南,专业版,4,7111.18
SO-00515,2026-01-14,华北,团队版,8,4387.73
SO-00516,2026-01-15,西南,企业版,1,5016.25
SO-00517,2026-01-16,华东,专业版,9,2604.33
SO-00518,2026-01-17,华南,团队版,1,6027.13
SO-00519,2026-01-18,华北,企业版,5,3545.97
SO-00520,2026-01-19,西南,专业版,9,8735.49
SO-00521,2026-01-20,华东,团队版,11,7630.2
SO-00522,2026-01-21,华南,企业版,12,1912.78
SO-00523,2026-01-22,华北,专业版,10,8470.37
SO-00524,2026-01-23,西南,团队版,12,9714.54
SO-00525,2026-01-24,华东,企业版,3,5645.11
SO-00526,2026-01-25,华南,专业版,3,6446.78
SO-00527,2026-01-26,华北,团队版,7,9091.58
SO-00528,2026-01-27,西南,企业版,11,2629.14
SO-00529,2026-01-28,华东,专业版,7,6857.5
SO-00530,2026-01-29,华南,团队版,3,5921.03
SO-00531,2026-01-30,华北,企业版,2,7013.72
SO-00532,2026-01-31,西南,专业版,9,10527.85
SO-00533,2026-02-01,华东,团队版,4,5206.89
SO-00534,2026-02-02,华南,企业版,4,4545.81
SO-00535,2026-02-03,华北,专业版,5,1911.6
SO-00536,2026-02-04,西南,团队版,3,2937.99
SO-00537,2026-02-05,华东,企业版,3,5794.99
SO-00538,2026-02-06,华南,专业版,11,10378.16
SO-00539,2026-02-07,华北,团队版,6,9921.2
SO-00540,2026-02-08,西南,企业版,12,3238.77
SO-00541,2026-02-09,华东,专业版,12,7282.91
SO-00542,2026-02-10,华南,团队版,1,8492.64
SO-00543,2026-02-11,华北,企业版,10,7744.85
SO-00544,2026-02-12,西南,专业版,7,3685.67
SO-00545,2026-02-13,华东,团队版,10,10033.53
SO-00546,2026-02-14,华南,企业版,8,2282.52
SO-00547,2026-02-15,华北,专业版,7,8581.9
SO-00548,2026-02-16,西南,团队版,12,7465.02
SO-00549,2026-02-17,华东,企业版,12,10142.83
SO-00550,2026-02-18,华南,专业版,10,4535.28
SO-00551,2026-02-19,华北,团队版,11,9293.49
SO-00552,2026-02-20,西南,企业版,2,1174.6
SO-00553,2026-02-21,华东,专业版,2,4517.68
SO-00554,2026-02-22,华南,团队版,1,9919.03
SO-00555,2026-02-23,华北,企业版,9,6765.79
SO-00556,2026-02-24,西南,专业版,2,4294.77
SO-00557,2026-02-25,华东,团队版,1,5225.25
SO-00558,2026-02-26,华南,企业版,12,5890.9
SO-00559,2026-02-27,华北,专业版,8,5589.96
SO-00560,2026-02-28,西南,团队版,1,8693.4
SO-00561,2026-03-01,华东,企业版,11,2742.53
SO-00562,2026-03-02,华南,专业版,2,1828.48
SO-00563,2026-03-03,华北,团队版,5,5637.92
SO-00564,2026-03-04,西南,企业版,12,10663.21
SO-00565,2026-03-05,华东,专业版,11,2282.99
SO-00566,2026-03-06,华南,团队版,12,7870.48
SO-00567,2026-03-07,华北,企业版,10,7539.59
SO-00568,2026-03-08,西南,专业版,7,8343.7
SO-00569,2026-03-09,华东,团队版,1,1118.39
SO-00570,2026-03-10,华南,企业版,11,4550.73
SO-00571,2026-03-11,华北,专业版,5,2274.44
SO-00572,2026-03-12,西南,团队版,9,6746.75
SO-00573,2026-03-13,华东,企业版,9,1780.19
SO-00574,2026-03-14,华南,专业版,8,3509.0
SO-00575,2026-03-15,华北,团队版,12,2028.23
SO-00576,2026-03-16,西南,企业版,11,7961.87
SO-00577,2026-03-17,华东,专业版,9,6996.51
SO-00578,2026-03-18,华南,团队版,1,4900.38
SO-00579,2026-03-19,华北,企业版,11,3911.18
SO-00580,2026-03-20,西南,专业版,9,8758.01
SO-00581,2026-03-21,华东,团队版,5,4010.19
SO-00582,2026-03-22,华南,企业版,5,8285.68
SO-00583,2026-03-23,华北,专业版,6,3612.26
SO-00584,2026-03-24,西南,团队版,3,3349.11
SO-00585,2026-03-25,华东,企业版,3,6667.15
SO-00586,2026-03-26,华南,专业版,10,8482.73
SO-00587,2026-03-27,华北,团队版,4,8963.0
SO-00588,2026-03-28,西南,企业版,4,8017.67
SO-00589,2026-03-29,华东,专业版,12,6596.8
SO-00590,2026-03-30,华南,团队版,7,10411.5
SO-00591,2026-03-31,华北,企业版,9,10252.74
SO-00592,2026-04-01,西南,专业版,6,9495.58
SO-00593,2026-04-02,华东,团队版,2,2317.22
SO-00594,2026-04-03,华南,企业版,2,4523.68
SO-00595,2026-04-04,华北,专业版,8,1959.77
SO-00596,2026-04-05,西南,团队版,3,7103.4
SO-00597,2026-04-06,华东,企业版,11,8902.95
SO-00598,2026-04-07,华南,专业版,4,3595.68
SO-00599,2026-04-08,华北,团队版,11,9803.54
SO-00600,2026-04-09,西南,企业版,8,5640.78
SO-00601,2026-04-10,华东,专业版,2,2514.9
SO-00602,2026-04-11,华南,团队版,6,2770.11
SO-00603,2026-04-12,华北,企业版,11,8747.35
SO-00604,2026-04-13,西南,专业版,11,2991.84
SO-00605,2026-04-14,华东,团队版,8,5093.04
SO-00606,2026-04-15,华南,企业版,3,9451.38
SO-00607,2026-04-16,华北,专业版,7,8441.97
SO-00608,2026-04-17,西南,团队版,3,6153.77
SO-00609,2026-04-18,华东,企业版,6,6938.21
SO-00610,2026-04-19,华南,专业版,6,1361.72
SO-00611,2026-04-20,华北,团队版,6,9764.99
SO-00612,2026-04-21,西南,企业版,4,1205.95
SO-00613,2026-04-22,华东,专业版,2,5565.51
SO-00614,2026-04-23,华南,团队版,8,5855.41
SO-00615,2026-04-24,华北,企业版,4,10112.66
SO-00616,2026-04-25,西南,专业版,10,7181.32
SO-00617,2026-04-26,华东,团队版,1,5065.31
SO-00618,2026-04-27,华南,企业版,1,1423.56
SO-00619,2026-04-28,华北,专业版,5,8954.47
SO-00620,2026-04-29,西南,团队版,12,1566.78
SO-00621,2026-04-30,华东,企业版,12,5260.46
SO-00622,2026-05-01,华南,专业版,9,3928.95
SO-00623,2026-05-02,华北,团队版,2,7201.35
SO-00624,2026-05-03,西南,企业版,11,1184.24
SO-00625,2026-05-04,华东,专业版,3,1546.21
SO-00626,2026-05-05,华南,团队版,12,10503.58
SO-00627,2026-05-06,华北,企业版,9,1340.11
SO-00628,2026-05-07,西南,专业版,7,3209.38
SO-00629,2026-05-08,华东,团队版,7,8817.95
SO-00630,2026-05-09,华南,企业版,12,2784.73
SO-00631,2026-05-10,华北,专业版,9,7077.56
SO-00632,2026-05-11,西南,团队版,10,8605.35
SO-00633,2026-05-12,华东,企业版,5,6884.01
SO-00634,2026-05-13,华南,专业版,12,10931.21
SO-00635,2026-05-14,华北,团队版,8,2387.43
SO-00636,2026-05-15,西南,企业版,5,3001.66
SO-00637,2026-05-16,华东,专业版,1,10549.53
SO-00638,2026-05-17,华南,团队版,5,3138.91
SO-00639,2026-05-18,华北,企业版,3,4436.54
SO-00640,2026-05-19,西南,专业版,6,1049.4
SO-00641,2026-05-20,华东,团队版,7,7103.51
SO-00642,2026-05-21,华南,企业版,6,4979.8
SO-00643,2026-05-22,华北,专业版,11,8994.6
SO-00644,2026-05-23,西南,团队版,8,10345.41
SO-00645,2026-05-24,华东,企业版,6,4557.55
SO-00646,2026-05-25,华南,专业版,1,6262.65
SO-00647,2026-05-26,华北,团队版,6,4407.74
SO-00648,2026-05-27,西南,企业版,8,6311.17
SO-00649,2026-05-28,华东,专业版,7,1080.65
SO-00650,2026-05-29,华南,团队版,6,6709.0
SO-00651,2026-05-30,华北,企业版,10,3331.24
SO-00652,2026-05-31,西南,专业版,10,6268.21
SO-00653,2026-06-01,华东,团队版,2,4582.03
SO-00654,2026-06-02,华南,企业版,12,6752.1
SO-00655,2026-06-03,华北,专业版,2,5397.45
SO-00656,2026-06-04,西南,团队版,12,9259.76
SO-00657,2026-06-05,华东,企业版,10,5923.5
SO-00658,2026-06-06,华南,专业版,4,1065.99
SO-00659,2026-06-07,华北,团队版,2,2544.13
SO-00660,2026-06-08,西南,企业版,7,7519.79
SO-00661,2026-06-09,华东,专业版,1,4859.31
SO-00662,2026-06-10,华南,团队版,2,3038.99
SO-00663,2026-06-11,华北,企业版,10,9337.37
SO-00664,2026-06-12,西南,专业版,10,4786.77
SO-00665,2026-06-13,华东,团队版,8,6034.36
SO-00666,2026-06-14,华南,企业版,4,9869.8
SO-00667,2026-06-15,华北,专业版,10,2566.95
SO-00668,2026-06-16,西南,团队版,7,8217.85
SO-00669,2026-01-01,华东,企业版,7,9983.94
SO-00670,2026-01-02,华南,专业版,12,2062.12
SO-00671,2026-01-03,华北,团队版,2,8357.51
SO-00672,2026-01-04,西南,企业版,3,9281.0
SO-00673,2026-01-05,华东,专业版,12,9614.12
SO-00674,2026-01-06,华南,团队版,11,7187.41
SO-00675,2026-01-07,华北,企业版,4,8250.22
SO-00676,2026-01-08,西南,专业版,10,9290.18
SO-00677,2026-01-09,华东,团队版,2,1553.66
SO-00678,2026-01-10,华南,企业版,7,1458.23
SO-00679,2026-01-11,华北,专业版,4,6584.63
SO-00680,2026-01-12,西南,团队版,11,9623.25
SO-00681,2026-01-13,华东,企业版,1,9420.16
SO-00682,2026-01-14,华南,专业版,4,9692.28
SO-00683,2026-01-15,华北,团队版,9,10527.36
SO-00684,2026-01-16,西南,企业版,10,3732.77
SO-00685,2026-01-17,华东,专业版,9,10156.51
SO-00686,2026-01-18,华南,团队版,7,5642.85
SO-00687,2026-01-19,华北,企业版,8,9118.04
SO-00688,2026-01-20,西南,专业版,7,2146.09
SO-00689,2026-01-21,华东,团队版,7,2033.16
SO-00690,2026-01-22,华南,企业版,9,9934.88
SO-00691,2026-01-23,华北,专业版,7,10535.7
SO-00692,2026-01-24,西南,团队版,5,4880.32
SO-00693,2026-01-25,华东,企业版,3,2616.18
SO-00694,2026-01-26,华南,专业版,7,3764.26
SO-00695,2026-01-27,华北,团队版,10,7915.35
SO-00696,2026-01-28,西南,企业版,11,1199.39
SO-00697,2026-01-29,华东,专业版,7,6298.19
SO-00698,2026-01-30,华南,团队版,4,2916.04
SO-00699,2026-01-31,华北,企业版,9,7795.41
SO-00700,2026-02-01,西南,专业版,1,9968.04
SO-00701,2026-02-02,华东,团队版,6,6805.7
SO-00702,2026-02-03,华南,企业版,8,10900.76
SO-00703,2026-02-04,华北,专业版,4,8265.42
SO-00704,2026-02-05,西南,团队版,5,6511.86
SO-00705,2026-02-06,华东,企业版,10,2502.6
SO-00706,2026-02-07,华南,专业版,11,1246.45
SO-00707,2026-02-08,华北,团队版,6,7961.04
SO-00708,2026-02-09,西南,企业版,3,3120.51
SO-00709,2026-02-10,华东,专业版,11,5239.05
SO-00710,2026-02-11,华南,团队版,4,10708.17
SO-00711,2026-02-12,华北,企业版,5,1292.99
SO-00712,2026-02-13,西南,专业版,10,4341.11
SO-00713,2026-02-14,华东,团队版,12,7216.32
SO-00714,2026-02-15,华南,企业版,4,3670.14
SO-00715,2026-02-16,华北,专业版,6,9076.92
SO-00716,2026-02-17,西南,团队版,9,3392.85
SO-00717,2026-02-18,华东,企业版,3,8116.22
SO-00718,2026-02-19,华南,专业版,4,4842.28
SO-00719,2026-02-20,华北,团队版,9,8984.57
SO-00720,2026-02-21,西南,企业版,3,2733.68
